{"train_loss":0.6584649682044983,"val_loss":0.6889707446098328,"_wandb":{"runtime":11},"epoch":29,"trainer/global_step":239,"_timestamp":1.7377499385211177e+09,"_runtime":11.088424283,"_step":269}